"annotation_id","annotator","created_at","id","lead_time","updated_at","video","videoLabels"
17,"2","2025-11-02T18:14:59.203344Z",15,189.581,"2025-11-02T18:14:59.203344Z","/data/upload/5/a9cc3a6a-vid1.mp4","[{""ranges"":[{""start"":1,""end"":67}],""timelinelabels"":[""Walk forward""]},{""ranges"":[{""start"":68,""end"":71}],""timelinelabels"":[""Standing""]},{""ranges"":[{""start"":72,""end"":111}],""timelinelabels"":[""Turn""]},{""ranges"":[{""start"":112,""end"":162}],""timelinelabels"":[""Walk backward""]},{""ranges"":[{""start"":163,""end"":200}],""timelinelabels"":[""Turn""]},{""ranges"":[{""start"":201,""end"":240}],""timelinelabels"":[""Sit down""]},{""ranges"":[{""start"":241,""end"":270}],""timelinelabels"":[""Get up""]},{""ranges"":[{""start"":271,""end"":285}],""timelinelabels"":[""Standing""]},{""ranges"":[{""start"":286,""end"":344}],""timelinelabels"":[""Walk forward""]},{""ranges"":[{""start"":345,""end"":490}],""timelinelabels"":[""Standing""]},{""ranges"":[{""start"":491,""end"":515}],""timelinelabels"":[""Sit down""]},{""ranges"":[{""start"":516,""end"":539}],""timelinelabels"":[""Get up""]},{""ranges"":[{""start"":540,""end"":548}],""timelinelabels"":[""Standing""]},{""ranges"":[{""start"":549,""end"":576}],""timelinelabels"":[""Sit down""]},{""ranges"":[{""start"":577,""end"":596}],""timelinelabels"":[""Get up""]},{""ranges"":[{""start"":597,""end"":630}],""timelinelabels"":[""Standing""]}]"
18,"2","2025-11-02T18:22:30.825785Z",16,435.621,"2025-11-02T18:22:30.825785Z","/data/upload/5/126186e6-vid2.mp4","[{""ranges"":[{""start"":1,""end"":4}],""timelinelabels"":[""Standing""]},{""ranges"":[{""start"":5,""end"":68}],""timelinelabels"":[""Walk backward""]},{""ranges"":[{""start"":69,""end"":73}],""timelinelabels"":[""Standing""]},{""ranges"":[{""start"":74,""end"":119}],""timelinelabels"":[""Turn""]},{""ranges"":[{""start"":120,""end"":180}],""timelinelabels"":[""Walk backward""]},{""ranges"":[{""start"":181,""end"":188}],""timelinelabels"":[""Standing""]},{""ranges"":[{""start"":189,""end"":226}],""timelinelabels"":[""Turn""]},{""ranges"":[{""start"":227,""end"":233}],""timelinelabels"":[""Standing""]},{""ranges"":[{""start"":234,""end"":261}],""timelinelabels"":[""Sit down""]},{""ranges"":[{""start"":262,""end"":277}],""timelinelabels"":[""Sitting""]},{""ranges"":[{""start"":278,""end"":299}],""timelinelabels"":[""Get up""]},{""ranges"":[{""start"":300,""end"":317}],""timelinelabels"":[""Standing""]},{""ranges"":[{""start"":318,""end"":375}],""timelinelabels"":[""Walk forward""]},{""ranges"":[{""start"":376,""end"":481}],""timelinelabels"":[""Standing""]},{""ranges"":[{""start"":482,""end"":505}],""timelinelabels"":[""Sit down""]},{""ranges"":[{""start"":506,""end"":526}],""timelinelabels"":[""Get up""]},{""ranges"":[{""start"":527,""end"":533}],""timelinelabels"":[""Standing""]},{""ranges"":[{""start"":534,""end"":556}],""timelinelabels"":[""Sit down""]},{""ranges"":[{""start"":557,""end"":576}],""timelinelabels"":[""Get up""]},{""ranges"":[{""start"":577,""end"":598}],""timelinelabels"":[""Standing""]}]"
19,"2","2025-11-02T18:27:09.335531Z",17,276.355,"2025-11-02T18:27:09.335531Z","/data/upload/5/0a995a4e-vid3.mp4","[{""ranges"":[{""start"":1,""end"":14}],""timelinelabels"":[""Standing""]},{""ranges"":[{""start"":15,""end"":70}],""timelinelabels"":[""Walk forward""]},{""ranges"":[{""start"":71,""end"":76}],""timelinelabels"":[""Standing""]},{""ranges"":[{""start"":77,""end"":120}],""timelinelabels"":[""Turn""]},{""ranges"":[{""start"":121,""end"":175}],""timelinelabels"":[""Walk backward""]},{""ranges"":[{""start"":176,""end"":221}],""timelinelabels"":[""Turn""]},{""ranges"":[{""start"":222,""end"":246}],""timelinelabels"":[""Sit down""]},{""ranges"":[{""start"":247,""end"":259}],""timelinelabels"":[""Sitting""]},{""ranges"":[{""start"":260,""end"":282}],""timelinelabels"":[""Get up""]},{""ranges"":[{""start"":283,""end"":286}],""timelinelabels"":[""Standing""]},{""ranges"":[{""start"":287,""end"":342}],""timelinelabels"":[""Walk forward""]},{""ranges"":[{""start"":343,""end"":446}],""timelinelabels"":[""Standing""]},{""ranges"":[{""start"":447,""end"":473}],""timelinelabels"":[""Sit down""]},{""ranges"":[{""start"":474,""end"":492}],""timelinelabels"":[""Get up""]},{""ranges"":[{""start"":493,""end"":500}],""timelinelabels"":[""Standing""]},{""ranges"":[{""start"":501,""end"":525}],""timelinelabels"":[""Sit down""]},{""ranges"":[{""start"":526,""end"":545}],""timelinelabels"":[""Get up""]},{""ranges"":[{""start"":546,""end"":574}],""timelinelabels"":[""Standing""]}]"
20,"2","2025-11-02T18:30:45.175873Z",18,213.729,"2025-11-02T18:30:45.175873Z","/data/upload/5/2d50b177-vid4.mp4","[{""ranges"":[{""start"":1,""end"":15}],""timelinelabels"":[""Standing""]},{""ranges"":[{""start"":16,""end"":82}],""timelinelabels"":[""Walk forward""]},{""ranges"":[{""start"":83,""end"":90}],""timelinelabels"":[""Standing""]},{""ranges"":[{""start"":91,""end"":129}],""timelinelabels"":[""Turn""]},{""ranges"":[{""start"":130,""end"":131}],""timelinelabels"":[""Standing""]},{""ranges"":[{""start"":132,""end"":188}],""timelinelabels"":[""Walk backward""]},{""ranges"":[{""start"":189,""end"":229}],""timelinelabels"":[""Turn""]},{""ranges"":[{""start"":230,""end"":235}],""timelinelabels"":[""Standing""]},{""ranges"":[{""start"":236,""end"":258}],""timelinelabels"":[""Sit down""]},{""ranges"":[{""start"":259,""end"":271}],""timelinelabels"":[""Sitting""]},{""ranges"":[{""start"":272,""end"":295}],""timelinelabels"":[""Get up""]},{""ranges"":[{""start"":296,""end"":303}],""timelinelabels"":[""Standing""]},{""ranges"":[{""start"":304,""end"":359}],""timelinelabels"":[""Walk forward""]},{""ranges"":[{""start"":360,""end"":464}],""timelinelabels"":[""Standing""]},{""ranges"":[{""start"":465,""end"":487}],""timelinelabels"":[""Sit down""]},{""ranges"":[{""start"":488,""end"":506}],""timelinelabels"":[""Get up""]},{""ranges"":[{""start"":507,""end"":514}],""timelinelabels"":[""Standing""]},{""ranges"":[{""start"":515,""end"":536}],""timelinelabels"":[""Sit down""]},{""ranges"":[{""start"":537,""end"":554}],""timelinelabels"":[""Get up""]},{""ranges"":[{""start"":555,""end"":575}],""timelinelabels"":[""Standing""]}]"
21,"2","2025-11-02T18:37:20.322593Z",19,393.429,"2025-11-02T18:37:20.322593Z","/data/upload/5/c2c3cf8a-vid5.mp4","[{""ranges"":[{""start"":1,""end"":7}],""timelinelabels"":[""Standing""]},{""ranges"":[{""start"":8,""end"":76}],""timelinelabels"":[""Walk forward""]},{""ranges"":[{""start"":77,""end"":80}],""timelinelabels"":[""Standing""]},{""ranges"":[{""start"":81,""end"":119}],""timelinelabels"":[""Turn""]},{""ranges"":[{""start"":120,""end"":180}],""timelinelabels"":[""Walk backward""]},{""ranges"":[{""start"":181,""end"":221}],""timelinelabels"":[""Turn""]},{""ranges"":[{""start"":222,""end"":252}],""timelinelabels"":[""Sit down""]},{""ranges"":[{""start"":253,""end"":272}],""timelinelabels"":[""Sitting""]},{""ranges"":[{""start"":273,""end"":296}],""timelinelabels"":[""Get up""]},{""ranges"":[{""start"":297,""end"":301}],""timelinelabels"":[""Standing""]},{""ranges"":[{""start"":302,""end"":355}],""timelinelabels"":[""Walk forward""]},{""ranges"":[{""start"":356,""end"":470}],""timelinelabels"":[""Standing""]},{""ranges"":[{""start"":471,""end"":493}],""timelinelabels"":[""Sit down""]},{""ranges"":[{""start"":494,""end"":512}],""timelinelabels"":[""Get up""]},{""ranges"":[{""start"":513,""end"":521}],""timelinelabels"":[""Standing""]},{""ranges"":[{""start"":522,""end"":543}],""timelinelabels"":[""Sit down""]},{""ranges"":[{""start"":544,""end"":563}],""timelinelabels"":[""Get up""]},{""ranges"":[{""start"":564,""end"":599}],""timelinelabels"":[""Standing""]}]"
22,"2","2025-11-02T18:39:49.719619Z",20,146.803,"2025-11-02T18:39:49.719619Z","/data/upload/5/004dd4f2-vid6.mp4","[{""ranges"":[{""start"":1,""end"":4}],""timelinelabels"":[""Standing""]},{""ranges"":[{""start"":5,""end"":72}],""timelinelabels"":[""Walk forward""]},{""ranges"":[{""start"":73,""end"":80}],""timelinelabels"":[""Standing""]},{""ranges"":[{""start"":81,""end"":119}],""timelinelabels"":[""Turn""]},{""ranges"":[{""start"":120,""end"":129}],""timelinelabels"":[""Standing""]},{""ranges"":[{""start"":130,""end"":185}],""timelinelabels"":[""Walk backward""]},{""ranges"":[{""start"":186,""end"":223}],""timelinelabels"":[""Turn""]},{""ranges"":[{""start"":224,""end"":256}],""timelinelabels"":[""Sit down""]},{""ranges"":[{""start"":257,""end"":269}],""timelinelabels"":[""Sitting""]},{""ranges"":[{""start"":270,""end"":292}],""timelinelabels"":[""Get up""]},{""ranges"":[{""start"":293,""end"":346}],""timelinelabels"":[""Walk forward""]},{""ranges"":[{""start"":347,""end"":457}],""timelinelabels"":[""Standing""]},{""ranges"":[{""start"":458,""end"":480}],""timelinelabels"":[""Sit down""]},{""ranges"":[{""start"":481,""end"":504}],""timelinelabels"":[""Get up""]},{""ranges"":[{""start"":505,""end"":514}],""timelinelabels"":[""Standing""]},{""ranges"":[{""start"":515,""end"":534}],""timelinelabels"":[""Sit down""]},{""ranges"":[{""start"":535,""end"":554}],""timelinelabels"":[""Get up""]},{""ranges"":[{""start"":555,""end"":614}],""timelinelabels"":[""Standing""]}]"
23,"2","2025-11-02T18:42:45.015357Z",21,172.991,"2025-11-02T18:42:45.015357Z","/data/upload/5/2c573728-vid7.mp4","[{""ranges"":[{""start"":1,""end"":55}],""timelinelabels"":[""Walk forward""]},{""ranges"":[{""start"":56,""end"":72}],""timelinelabels"":[""Standing""]},{""ranges"":[{""start"":73,""end"":110}],""timelinelabels"":[""Turn""]},{""ranges"":[{""start"":111,""end"":169}],""timelinelabels"":[""Walk backward""]},{""ranges"":[{""start"":170,""end"":171}],""timelinelabels"":[""Standing""]},{""ranges"":[{""start"":172,""end"":219}],""timelinelabels"":[""Turn""]},{""ranges"":[{""start"":220,""end"":225}],""timelinelabels"":[""Standing""]},{""ranges"":[{""start"":226,""end"":250}],""timelinelabels"":[""Sit down""]},{""ranges"":[{""start"":251,""end"":263}],""timelinelabels"":[""Sitting""]},{""ranges"":[{""start"":264,""end"":287}],""timelinelabels"":[""Get up""]},{""ranges"":[{""start"":288,""end"":298}],""timelinelabels"":[""Standing""]},{""ranges"":[{""start"":299,""end"":354}],""timelinelabels"":[""Walk forward""]},{""ranges"":[{""start"":355,""end"":465}],""timelinelabels"":[""Standing""]},{""ranges"":[{""start"":466,""end"":487}],""timelinelabels"":[""Sit down""]},{""ranges"":[{""start"":488,""end"":507}],""timelinelabels"":[""Get up""]},{""ranges"":[{""start"":508,""end"":514}],""timelinelabels"":[""Standing""]},{""ranges"":[{""start"":515,""end"":538}],""timelinelabels"":[""Sit down""]},{""ranges"":[{""start"":539,""end"":557}],""timelinelabels"":[""Get up""]},{""ranges"":[{""start"":558,""end"":597}],""timelinelabels"":[""Standing""]}]"
24,"2","2025-11-02T18:47:27.723242Z",22,272.367,"2025-11-02T18:47:27.723242Z","/data/upload/5/68169e9c-vid8.mp4","[{""ranges"":[{""start"":1,""end"":15}],""timelinelabels"":[""Standing""]},{""ranges"":[{""start"":16,""end"":74}],""timelinelabels"":[""Walk forward""]},{""ranges"":[{""start"":75,""end"":86}],""timelinelabels"":[""Standing""]},{""ranges"":[{""start"":87,""end"":123}],""timelinelabels"":[""Turn""]},{""ranges"":[{""start"":124,""end"":181}],""timelinelabels"":[""Walk backward""]},{""ranges"":[{""start"":182,""end"":219}],""timelinelabels"":[""Turn""]},{""ranges"":[{""start"":220,""end"":224}],""timelinelabels"":[""Standing""]},{""ranges"":[{""start"":225,""end"":249}],""timelinelabels"":[""Sit down""]},{""ranges"":[{""start"":250,""end"":256}],""timelinelabels"":[""Sitting""]},{""ranges"":[{""start"":257,""end"":284}],""timelinelabels"":[""Get up""]},{""ranges"":[{""start"":285,""end"":293}],""timelinelabels"":[""Standing""]},{""ranges"":[{""start"":294,""end"":344}],""timelinelabels"":[""Walk forward""]},{""ranges"":[{""start"":345,""end"":454}],""timelinelabels"":[""Standing""]},{""ranges"":[{""start"":455,""end"":472}],""timelinelabels"":[""Sit down""]},{""ranges"":[{""start"":473,""end"":492}],""timelinelabels"":[""Get up""]},{""ranges"":[{""start"":493,""end"":503}],""timelinelabels"":[""Standing""]},{""ranges"":[{""start"":504,""end"":525}],""timelinelabels"":[""Sit down""]},{""ranges"":[{""start"":526,""end"":550}],""timelinelabels"":[""Get up""]},{""ranges"":[{""start"":551,""end"":577}],""timelinelabels"":[""Standing""]}]"
25,"2","2025-11-02T18:51:16.538236Z",23,224.913,"2025-11-02T18:51:16.538236Z","/data/upload/5/97f13ea4-vid9.mp4","[{""ranges"":[{""start"":1,""end"":23}],""timelinelabels"":[""Standing""]},{""ranges"":[{""start"":24,""end"":91}],""timelinelabels"":[""Walk forward""]},{""ranges"":[{""start"":92,""end"":131}],""timelinelabels"":[""Turn""]},{""ranges"":[{""start"":132,""end"":136}],""timelinelabels"":[""Standing""]},{""ranges"":[{""start"":137,""end"":196}],""timelinelabels"":[""Walk backward""]},{""ranges"":[{""start"":197,""end"":236}],""timelinelabels"":[""Turn""]},{""ranges"":[{""start"":237,""end"":239}],""timelinelabels"":[""Standing""]},{""ranges"":[{""start"":240,""end"":266}],""timelinelabels"":[""Sit down""]},{""ranges"":[{""start"":267,""end"":278}],""timelinelabels"":[""Sitting""]},{""ranges"":[{""start"":279,""end"":304}],""timelinelabels"":[""Get up""]},{""ranges"":[{""start"":305,""end"":313}],""timelinelabels"":[""Standing""]},{""ranges"":[{""start"":314,""end"":367}],""timelinelabels"":[""Walk forward""]},{""ranges"":[{""start"":368,""end"":476}],""timelinelabels"":[""Standing""]},{""ranges"":[{""start"":477,""end"":497}],""timelinelabels"":[""Sit down""]},{""ranges"":[{""start"":498,""end"":500}],""timelinelabels"":[""Sitting""]},{""ranges"":[{""start"":501,""end"":517}],""timelinelabels"":[""Get up""]},{""ranges"":[{""start"":518,""end"":527}],""timelinelabels"":[""Standing""]},{""ranges"":[{""start"":528,""end"":550}],""timelinelabels"":[""Sit down""]},{""ranges"":[{""start"":551,""end"":568}],""timelinelabels"":[""Get up""]},{""ranges"":[{""start"":569,""end"":597}],""timelinelabels"":[""Standing""]}]"
26,"2","2025-11-02T18:53:55.061477Z",24,156.384,"2025-11-02T18:53:55.061477Z","/data/upload/5/e0f08a1e-vid10.mp4","[{""ranges"":[{""start"":1,""end"":72}],""timelinelabels"":[""Walk forward""]},{""ranges"":[{""start"":73,""end"":85}],""timelinelabels"":[""Standing""]},{""ranges"":[{""start"":86,""end"":129}],""timelinelabels"":[""Turn""]},{""ranges"":[{""start"":130,""end"":186}],""timelinelabels"":[""Walk backward""]},{""ranges"":[{""start"":187,""end"":194}],""timelinelabels"":[""Standing""]},{""ranges"":[{""start"":195,""end"":230}],""timelinelabels"":[""Turn""]},{""ranges"":[{""start"":231,""end"":239}],""timelinelabels"":[""Standing""]},{""ranges"":[{""start"":240,""end"":275}],""timelinelabels"":[""Sit down""]},{""ranges"":[{""start"":276,""end"":284}],""timelinelabels"":[""Sitting""]},{""ranges"":[{""start"":285,""end"":308}],""timelinelabels"":[""Get up""]},{""ranges"":[{""start"":309,""end"":320}],""timelinelabels"":[""Standing""]},{""ranges"":[{""start"":321,""end"":377}],""timelinelabels"":[""Walk forward""]},{""ranges"":[{""start"":378,""end"":497}],""timelinelabels"":[""Standing""]},{""ranges"":[{""start"":498,""end"":521}],""timelinelabels"":[""Sit down""]},{""ranges"":[{""start"":522,""end"":543}],""timelinelabels"":[""Get up""]},{""ranges"":[{""start"":544,""end"":553}],""timelinelabels"":[""Standing""]},{""ranges"":[{""start"":554,""end"":576}],""timelinelabels"":[""Sit down""]},{""ranges"":[{""start"":577,""end"":597}],""timelinelabels"":[""Get up""]},{""ranges"":[{""start"":598,""end"":637}],""timelinelabels"":[""Standing""]}]"
27,"2","2025-11-02T19:02:48.253086Z",25,530.26,"2025-11-02T19:02:48.253086Z","/data/upload/5/0fef1efa-vid11.mp4","[{""ranges"":[{""start"":1,""end"":2}],""timelinelabels"":[""Sitting""]},{""ranges"":[{""start"":3,""end"":27}],""timelinelabels"":[""Get up""]},{""ranges"":[{""start"":28,""end"":33}],""timelinelabels"":[""Standing""]},{""ranges"":[{""start"":34,""end"":108}],""timelinelabels"":[""Walk forward""]},{""ranges"":[{""start"":109,""end"":111}],""timelinelabels"":[""Standing""]},{""ranges"":[{""start"":112,""end"":149}],""timelinelabels"":[""Turn""]},{""ranges"":[{""start"":150,""end"":210}],""timelinelabels"":[""Walk backward""]},{""ranges"":[{""start"":211,""end"":229}],""timelinelabels"":[""Turn""]},{""ranges"":[{""start"":230,""end"":261}],""timelinelabels"":[""Sit down""]},{""ranges"":[{""start"":262,""end"":277}],""timelinelabels"":[""Sitting""]},{""ranges"":[{""start"":278,""end"":311}],""timelinelabels"":[""Get up""]},{""ranges"":[{""start"":312,""end"":315}],""timelinelabels"":[""Standing""]},{""ranges"":[{""start"":316,""end"":375}],""timelinelabels"":[""Walk forward""]},{""ranges"":[{""start"":376,""end"":487}],""timelinelabels"":[""Standing""]},{""ranges"":[{""start"":488,""end"":514}],""timelinelabels"":[""Sit down""]},{""ranges"":[{""start"":515,""end"":538}],""timelinelabels"":[""Get up""]},{""ranges"":[{""start"":539,""end"":545}],""timelinelabels"":[""Standing""]},{""ranges"":[{""start"":546,""end"":576}],""timelinelabels"":[""Sit down""]},{""ranges"":[{""start"":577,""end"":599}],""timelinelabels"":[""Get up""]},{""ranges"":[{""start"":600,""end"":664}],""timelinelabels"":[""Standing""]}]"
28,"2","2025-11-02T19:05:53.311656Z",26,181.01,"2025-11-02T19:05:53.311656Z","/data/upload/5/6418e103-vid12.mp4","[{""ranges"":[{""start"":1,""end"":18}],""timelinelabels"":[""Sitting""]},{""ranges"":[{""start"":19,""end"":50}],""timelinelabels"":[""Sit down""]},{""ranges"":[{""start"":51,""end"":56}],""timelinelabels"":[""Standing""]},{""ranges"":[{""start"":57,""end"":126}],""timelinelabels"":[""Walk forward""]},{""ranges"":[{""start"":127,""end"":167}],""timelinelabels"":[""Turn""]},{""ranges"":[{""start"":168,""end"":207}],""timelinelabels"":[""Walk backward""]},{""ranges"":[{""start"":208,""end"":231}],""timelinelabels"":[""Turn""]},{""ranges"":[{""start"":232,""end"":266}],""timelinelabels"":[""Sit down""]},{""ranges"":[{""start"":267,""end"":286}],""timelinelabels"":[""Sitting""]},{""ranges"":[{""start"":287,""end"":319}],""timelinelabels"":[""Get up""]},{""ranges"":[{""start"":320,""end"":322}],""timelinelabels"":[""Standing""]},{""ranges"":[{""start"":323,""end"":381}],""timelinelabels"":[""Walk forward""]},{""ranges"":[{""start"":382,""end"":515}],""timelinelabels"":[""Standing""]},{""ranges"":[{""start"":516,""end"":551}],""timelinelabels"":[""Sit down""]},{""ranges"":[{""start"":552,""end"":584}],""timelinelabels"":[""Get up""]},{""ranges"":[{""start"":585,""end"":587}],""timelinelabels"":[""Standing""]},{""ranges"":[{""start"":588,""end"":634}],""timelinelabels"":[""Sit down""]},{""ranges"":[{""start"":635,""end"":661}],""timelinelabels"":[""Get up""]},{""ranges"":[{""start"":662,""end"":683}],""timelinelabels"":[""Standing""]}]"
29,"2","2025-11-02T19:11:08.192303Z",27,313.159,"2025-11-02T19:11:08.192303Z","/data/upload/5/63da1351-vid13.mp4","[{""ranges"":[{""start"":1,""end"":1}],""timelinelabels"":[""Sitting""]},{""ranges"":[{""start"":2,""end"":31}],""timelinelabels"":[""Get up""]},{""ranges"":[{""start"":32,""end"":33}],""timelinelabels"":[""Standing""]},{""ranges"":[{""start"":34,""end"":101}],""timelinelabels"":[""Walk forward""]},{""ranges"":[{""start"":102,""end"":139}],""timelinelabels"":[""Turn""]},{""ranges"":[{""start"":140,""end"":183}],""timelinelabels"":[""Walk backward""]},{""ranges"":[{""start"":184,""end"":209}],""timelinelabels"":[""Turn""]},{""ranges"":[{""start"":210,""end"":234}],""timelinelabels"":[""Sit down""]},{""ranges"":[{""start"":235,""end"":265}],""timelinelabels"":[""Sitting""]},{""ranges"":[{""start"":266,""end"":289}],""timelinelabels"":[""Get up""]},{""ranges"":[{""start"":290,""end"":292}],""timelinelabels"":[""Standing""]},{""ranges"":[{""start"":293,""end"":353}],""timelinelabels"":[""Walk forward""]},{""ranges"":[{""start"":354,""end"":464}],""timelinelabels"":[""Standing""]},{""ranges"":[{""start"":465,""end"":494}],""timelinelabels"":[""Sit down""]},{""ranges"":[{""start"":495,""end"":523}],""timelinelabels"":[""Get up""]},{""ranges"":[{""start"":524,""end"":564}],""timelinelabels"":[""Sit down""]},{""ranges"":[{""start"":565,""end"":592}],""timelinelabels"":[""Get up""]},{""ranges"":[{""start"":593,""end"":613}],""timelinelabels"":[""Standing""]}]"
30,"2","2025-11-02T19:20:48.607103Z",28,570.743,"2025-11-02T19:20:48.607103Z","/data/upload/5/95dc7d1e-vid14.mp4","[{""ranges"":[{""start"":1,""end"":6}],""timelinelabels"":[""Sitting""]},{""ranges"":[{""start"":7,""end"":38}],""timelinelabels"":[""Get up""]},{""ranges"":[{""start"":39,""end"":41}],""timelinelabels"":[""Standing""]},{""ranges"":[{""start"":42,""end"":110}],""timelinelabels"":[""Walk forward""]},{""ranges"":[{""start"":111,""end"":153}],""timelinelabels"":[""Turn""]},{""ranges"":[{""start"":154,""end"":192}],""timelinelabels"":[""Walk backward""]},{""ranges"":[{""start"":193,""end"":223}],""timelinelabels"":[""Turn""]},{""ranges"":[{""start"":224,""end"":260}],""timelinelabels"":[""Sit down""]},{""ranges"":[{""start"":261,""end"":287}],""timelinelabels"":[""Sitting""]},{""ranges"":[{""start"":288,""end"":317}],""timelinelabels"":[""Get up""]},{""ranges"":[{""start"":318,""end"":385}],""timelinelabels"":[""Walk forward""]},{""ranges"":[{""start"":386,""end"":520}],""timelinelabels"":[""Standing""]},{""ranges"":[{""start"":521,""end"":558}],""timelinelabels"":[""Sit down""]},{""ranges"":[{""start"":559,""end"":586}],""timelinelabels"":[""Get up""]},{""ranges"":[{""start"":587,""end"":590}],""timelinelabels"":[""Standing""]},{""ranges"":[{""start"":591,""end"":629}],""timelinelabels"":[""Sit down""]},{""ranges"":[{""start"":630,""end"":660}],""timelinelabels"":[""Get up""]},{""ranges"":[{""start"":661,""end"":663}],""timelinelabels"":[""Standing""]},{""ranges"":[{""start"":664,""end"":689}],""timelinelabels"":[""Turn""]}]"
31,"2","2025-11-02T19:25:18.101678Z",29,262.642,"2025-11-02T19:25:18.101678Z","/data/upload/5/0db5a714-vid15.mp4","[{""ranges"":[{""start"":1,""end"":4}],""timelinelabels"":[""Sitting""]},{""ranges"":[{""start"":5,""end"":36}],""timelinelabels"":[""Get up""]},{""ranges"":[{""start"":37,""end"":41}],""timelinelabels"":[""Standing""]},{""ranges"":[{""start"":42,""end"":107}],""timelinelabels"":[""Walk forward""]},{""ranges"":[{""start"":108,""end"":154}],""timelinelabels"":[""Turn""]},{""ranges"":[{""start"":155,""end"":208}],""timelinelabels"":[""Walk backward""]},{""ranges"":[{""start"":209,""end"":241}],""timelinelabels"":[""Turn""]},{""ranges"":[{""start"":242,""end"":281}],""timelinelabels"":[""Sit down""]},{""ranges"":[{""start"":282,""end"":301}],""timelinelabels"":[""Sitting""]},{""ranges"":[{""start"":302,""end"":334}],""timelinelabels"":[""Get up""]},{""ranges"":[{""start"":335,""end"":336}],""timelinelabels"":[""Standing""]},{""ranges"":[{""start"":337,""end"":408}],""timelinelabels"":[""Walk forward""]},{""ranges"":[{""start"":409,""end"":519}],""timelinelabels"":[""Standing""]},{""ranges"":[{""start"":520,""end"":550}],""timelinelabels"":[""Sit down""]},{""ranges"":[{""start"":551,""end"":579}],""timelinelabels"":[""Get up""]},{""ranges"":[{""start"":580,""end"":625}],""timelinelabels"":[""Sit down""]},{""ranges"":[{""start"":626,""end"":651}],""timelinelabels"":[""Get up""]},{""ranges"":[{""start"":652,""end"":660}],""timelinelabels"":[""Standing""]},{""ranges"":[{""start"":661,""end"":688}],""timelinelabels"":[""Turn""]}]"
32,"2","2025-11-02T19:28:24.251868Z",30,183.432,"2025-11-02T19:28:24.251868Z","/data/upload/5/0338efe4-vid16.mp4","[{""ranges"":[{""start"":1,""end"":10}],""timelinelabels"":[""Sitting""]},{""ranges"":[{""start"":11,""end"":39}],""timelinelabels"":[""Get up""]},{""ranges"":[{""start"":40,""end"":45}],""timelinelabels"":[""Turn""]},{""ranges"":[{""start"":46,""end"":121}],""timelinelabels"":[""Walk forward""]},{""ranges"":[{""start"":122,""end"":124}],""timelinelabels"":[""Standing""]},{""ranges"":[{""start"":125,""end"":170}],""timelinelabels"":[""Turn""]},{""ranges"":[{""start"":171,""end"":236}],""timelinelabels"":[""Walk backward""]},{""ranges"":[{""start"":237,""end"":281}],""timelinelabels"":[""Turn""]},{""ranges"":[{""start"":282,""end"":285}],""timelinelabels"":[""Standing""]},{""ranges"":[{""start"":286,""end"":328}],""timelinelabels"":[""Sit down""]},{""ranges"":[{""start"":329,""end"":351}],""timelinelabels"":[""Sitting""]},{""ranges"":[{""start"":352,""end"":383}],""timelinelabels"":[""Get up""]},{""ranges"":[{""start"":384,""end"":390}],""timelinelabels"":[""Standing""]},{""ranges"":[{""start"":391,""end"":454}],""timelinelabels"":[""Walk forward""]},{""ranges"":[{""start"":455,""end"":578}],""timelinelabels"":[""Standing""]},{""ranges"":[{""start"":579,""end"":608}],""timelinelabels"":[""Sit down""]},{""ranges"":[{""start"":609,""end"":632}],""timelinelabels"":[""Get up""]},{""ranges"":[{""start"":633,""end"":633}],""timelinelabels"":[""Standing""]},{""ranges"":[{""start"":634,""end"":666}],""timelinelabels"":[""Sit down""]},{""ranges"":[{""start"":667,""end"":694}],""timelinelabels"":[""Get up""]},{""ranges"":[{""start"":695,""end"":708}],""timelinelabels"":[""Standing""]}]"
33,"2","2025-11-02T19:34:32.172723Z",31,365.742,"2025-11-02T19:34:32.172723Z","/data/upload/5/c6d6e78c-vid17.mp4","[{""ranges"":[{""start"":1,""end"":11}],""timelinelabels"":[""Sitting""]},{""ranges"":[{""start"":12,""end"":42}],""timelinelabels"":[""Get up""]},{""ranges"":[{""start"":43,""end"":49}],""timelinelabels"":[""Standing""]},{""ranges"":[{""start"":50,""end"":120}],""timelinelabels"":[""Walk forward""]},{""ranges"":[{""start"":121,""end"":158}],""timelinelabels"":[""Turn""]},{""ranges"":[{""start"":159,""end"":166}],""timelinelabels"":[""Standing""]},{""ranges"":[{""start"":167,""end"":223}],""timelinelabels"":[""Walk backward""]},{""ranges"":[{""start"":224,""end"":258}],""timelinelabels"":[""Turn""]},{""ranges"":[{""start"":259,""end"":299}],""timelinelabels"":[""Sit down""]},{""ranges"":[{""start"":300,""end"":316}],""timelinelabels"":[""Sitting""]},{""ranges"":[{""start"":317,""end"":348}],""timelinelabels"":[""Get up""]},{""ranges"":[{""start"":349,""end"":352}],""timelinelabels"":[""Standing""]},{""ranges"":[{""start"":353,""end"":408}],""timelinelabels"":[""Walk forward""]},{""ranges"":[{""start"":409,""end"":532}],""timelinelabels"":[""Standing""]},{""ranges"":[{""start"":533,""end"":558}],""timelinelabels"":[""Sit down""]},{""ranges"":[{""start"":559,""end"":583}],""timelinelabels"":[""Get up""]},{""ranges"":[{""start"":584,""end"":587}],""timelinelabels"":[""Standing""]},{""ranges"":[{""start"":588,""end"":621}],""timelinelabels"":[""Sit down""]},{""ranges"":[{""start"":622,""end"":647}],""timelinelabels"":[""Get up""]},{""ranges"":[{""start"":648,""end"":677}],""timelinelabels"":[""Standing""]}]"
34,"2","2025-11-02T19:39:36.494288Z",32,277.04,"2025-11-02T19:39:36.494288Z","/data/upload/5/c2ea246d-vid18.mp4","[{""ranges"":[{""start"":1,""end"":11}],""timelinelabels"":[""Sitting""]},{""ranges"":[{""start"":12,""end"":43}],""timelinelabels"":[""Get up""]},{""ranges"":[{""start"":44,""end"":47}],""timelinelabels"":[""Standing""]},{""ranges"":[{""start"":48,""end"":115}],""timelinelabels"":[""Walk forward""]},{""ranges"":[{""start"":116,""end"":154}],""timelinelabels"":[""Turn""]},{""ranges"":[{""start"":155,""end"":159}],""timelinelabels"":[""Standing""]},{""ranges"":[{""start"":160,""end"":208}],""timelinelabels"":[""Walk backward""]},{""ranges"":[{""start"":209,""end"":244}],""timelinelabels"":[""Turn""]},{""ranges"":[{""start"":245,""end"":245}],""timelinelabels"":[""Standing""]},{""ranges"":[{""start"":246,""end"":285}],""timelinelabels"":[""Sit down""]},{""ranges"":[{""start"":286,""end"":302}],""timelinelabels"":[""Sitting""]},{""ranges"":[{""start"":303,""end"":339}],""timelinelabels"":[""Get up""]},{""ranges"":[{""start"":340,""end"":341}],""timelinelabels"":[""Standing""]},{""ranges"":[{""start"":342,""end"":403}],""timelinelabels"":[""Walk forward""]},{""ranges"":[{""start"":404,""end"":521}],""timelinelabels"":[""Get up""]},{""ranges"":[{""start"":522,""end"":553}],""timelinelabels"":[""Sit down""]},{""ranges"":[{""start"":554,""end"":583}],""timelinelabels"":[""Get up""]},{""ranges"":[{""start"":584,""end"":596}],""timelinelabels"":[""Standing""]},{""ranges"":[{""start"":597,""end"":640}],""timelinelabels"":[""Sit down""]},{""ranges"":[{""start"":641,""end"":666}],""timelinelabels"":[""Get up""]},{""ranges"":[{""start"":667,""end"":691}],""timelinelabels"":[""Standing""]}]"
35,"2","2025-11-02T19:46:15.621658Z",33,356.321,"2025-11-02T19:46:15.621658Z","/data/upload/5/111ffaf1-vid19.mp4","[{""ranges"":[{""start"":1,""end"":4}],""timelinelabels"":[""Sitting""]},{""ranges"":[{""start"":5,""end"":33}],""timelinelabels"":[""Get up""]},{""ranges"":[{""start"":34,""end"":38}],""timelinelabels"":[""Standing""]},{""ranges"":[{""start"":39,""end"":119}],""timelinelabels"":[""Walk forward""]},{""ranges"":[{""start"":120,""end"":163}],""timelinelabels"":[""Turn""]},{""ranges"":[{""start"":164,""end"":171}],""timelinelabels"":[""Standing""]},{""ranges"":[{""start"":172,""end"":222}],""timelinelabels"":[""Walk backward""]},{""ranges"":[{""start"":223,""end"":253}],""timelinelabels"":[""Turn""]},{""ranges"":[{""start"":254,""end"":292}],""timelinelabels"":[""Sit down""]},{""ranges"":[{""start"":293,""end"":311}],""timelinelabels"":[""Sitting""]},{""ranges"":[{""start"":312,""end"":344}],""timelinelabels"":[""Get up""]},{""ranges"":[{""start"":345,""end"":352}],""timelinelabels"":[""Standing""]},{""ranges"":[{""start"":353,""end"":411}],""timelinelabels"":[""Walk forward""]},{""ranges"":[{""start"":412,""end"":543}],""timelinelabels"":[""Standing""]},{""ranges"":[{""start"":544,""end"":572}],""timelinelabels"":[""Sit down""]},{""ranges"":[{""start"":573,""end"":596}],""timelinelabels"":[""Get up""]},{""ranges"":[{""start"":597,""end"":601}],""timelinelabels"":[""Standing""]},{""ranges"":[{""start"":602,""end"":638}],""timelinelabels"":[""Sit down""]},{""ranges"":[{""start"":639,""end"":669}],""timelinelabels"":[""Get up""]},{""ranges"":[{""start"":670,""end"":709}],""timelinelabels"":[""Standing""]}]"
36,"2","2025-11-02T19:50:01.411655Z",34,215.94,"2025-11-02T19:50:01.411655Z","/data/upload/5/e991eaa5-vid20.mp4","[{""ranges"":[{""start"":1,""end"":9}],""timelinelabels"":[""Sit down""]},{""ranges"":[{""start"":10,""end"":20}],""timelinelabels"":[""Sitting""]},{""ranges"":[{""start"":21,""end"":55}],""timelinelabels"":[""Get up""]},{""ranges"":[{""start"":56,""end"":64}],""timelinelabels"":[""Standing""]},{""ranges"":[{""start"":65,""end"":144}],""timelinelabels"":[""Walk forward""]},{""ranges"":[{""start"":145,""end"":193}],""timelinelabels"":[""Turn""]},{""ranges"":[{""start"":194,""end"":252}],""timelinelabels"":[""Walk backward""]},{""ranges"":[{""start"":253,""end"":277}],""timelinelabels"":[""Turn""]},{""ranges"":[{""start"":278,""end"":320}],""timelinelabels"":[""Sit down""]},{""ranges"":[{""start"":321,""end"":335}],""timelinelabels"":[""Sitting""]},{""ranges"":[{""start"":336,""end"":368}],""timelinelabels"":[""Get up""]},{""ranges"":[{""start"":369,""end"":373}],""timelinelabels"":[""Standing""]},{""ranges"":[{""start"":374,""end"":448}],""timelinelabels"":[""Walk forward""]},{""ranges"":[{""start"":449,""end"":568}],""timelinelabels"":[""Standing""]},{""ranges"":[{""start"":569,""end"":600}],""timelinelabels"":[""Sit down""]},{""ranges"":[{""start"":601,""end"":625}],""timelinelabels"":[""Get up""]},{""ranges"":[{""start"":626,""end"":628}],""timelinelabels"":[""Sitting""]},{""ranges"":[{""start"":629,""end"":663}],""timelinelabels"":[""Sit down""]},{""ranges"":[{""start"":664,""end"":689}],""timelinelabels"":[""Get up""]},{""ranges"":[{""start"":690,""end"":737}],""timelinelabels"":[""Standing""]}]"
